City_ID,City,Lat,Lng,Max Temp,Humidity,Cloudiness,Wind Speed,Country,Date
0,edinburgh of the seven seas,-37.0676,-12.3116,13.15,79,10,6.73,SH,1730342357
1,uturoa,-16.7333,-151.4333,25.42,71,70,7.27,PF,1730342358
2,afaahiti,-17.75,-149.2833,23.04,70,49,7.29,PF,1730342359
3,west bay,19.3667,-81.4167,28.04,78,40,3.6,KY,1730342360
4,tralee,52.2704,-9.7026,12.17,89,96,1.05,IE,1730342361
5,hithadhoo,-0.6,73.0833,27.35,64,83,1.37,MV,1730342362
6,bodaybo,57.8506,114.1933,0.34,90,100,1.06,RU,1730342363
7,nichinan,31.6,131.3667,21.37,74,100,4.68,JP,1730342365
8,grytviken,-54.2811,-36.5092,0.27,84,34,4.41,GS,1730342366
9,bethel,41.3712,-73.414,17.59,79,0,0.45,US,1730342367
10,ribeira grande,38.5167,-28.7,20.99,87,10,6.71,PT,1730342368
11,avarua,-21.2078,-159.775,25.03,69,68,7.72,CK,1730342369
12,papatowai,-46.5619,169.4708,12.67,73,100,4.67,NZ,1730342370
13,ushuaia,-54.8,-68.3,6.81,61,75,3.09,AR,1730342257
14,adamstown,-25.066,-130.1015,21.08,75,97,11.75,PN,1730342372
15,thinadhoo,0.5333,72.9333,27.37,66,96,1.62,MV,1730342373
16,nadi,-17.8,177.4167,30.0,62,40,5.66,FJ,1730342375
17,iqaluit,63.7506,-68.5145,-0.15,86,100,9.26,CA,1730342329
18,bredasdorp,-34.5322,20.0403,13.24,87,2,1.67,ZA,1730342377
19,dudinka,69.4058,86.1778,-10.65,95,100,5.29,RU,1730342378
20,waitangi,-43.9535,-176.5597,13.79,80,38,3.58,NZ,1730342379
21,albany,42.6001,-73.9662,18.23,78,100,0.89,US,1730342172
22,prince albert,53.2001,-105.7677,-1.03,86,75,1.54,CA,1730342381
23,toba tek singh,30.9743,72.4827,27.03,35,6,1.78,PK,1730342382
24,lebu,-37.6167,-73.65,10.82,97,44,4.57,CL,1730342383
25,leh,34.1667,77.5833,0.14,57,7,1.01,IN,1730342384
26,port elizabeth,-33.918,25.5701,15.73,88,75,1.03,ZA,1730342259
27,barnala,30.3833,75.55,26.45,33,0,2.87,IN,1730342387
28,qaqortoq,60.7167,-46.0333,-11.83,60,0,3.76,GL,1730342388
29,kodiak,57.79,-152.4072,5.73,65,20,0.0,US,1730342386
30,bodo,67.28,14.405,3.02,67,75,9.26,NO,1730342390
31,blackmans bay,-43.0167,147.3167,12.07,79,78,0.45,AU,1730342391
32,port-aux-francais,-49.35,70.2167,4.29,83,19,11.07,TF,1730342392
33,santa cruz,-17.8,-63.1667,26.7,89,20,1.54,BO,1730342160
34,vilyuysk,63.7553,121.6247,-18.7,92,89,0.38,RU,1730342394
35,saint-pierre,-21.3393,55.4781,21.82,60,0,2.06,RE,1730342395
36,taltal,-25.4,-70.4833,16.23,86,20,1.14,CL,1730342396
37,haiku-pauwela,20.9219,-156.3051,27.01,77,40,11.62,US,1730342397
38,lompoc,34.6391,-120.4579,13.16,87,20,1.54,US,1730342399
39,jamestown,42.097,-79.2353,18.8,59,0,4.12,US,1730342349
40,olonkinbyen,70.9221,-8.7187,-5.38,49,100,7.88,SJ,1730342401
41,west island,-12.1568,96.8225,26.99,78,75,5.14,CC,1730342402
42,guapo,-16.8306,-49.5319,19.87,95,37,2.41,BR,1730342217
43,ambodifotatra,-16.9833,49.85,24.64,77,18,3.23,MG,1730342404
44,saphane,39.0273,29.2222,4.26,88,4,3.54,TR,1730342405
45,hamilton,39.1834,-84.5333,20.23,70,0,2.57,US,1730341834
46,mana,5.6592,-53.7767,26.17,85,7,2.75,GF,1730342408
47,invercargill,-46.4,168.35,11.68,88,100,4.02,NZ,1730342282
48,isenbuttel,52.4333,10.5833,10.58,99,100,2.19,DE,1730342410
49,puerto natales,-51.7236,-72.4875,8.18,96,100,1.75,CL,1730342412
50,colonia,50.9333,6.95,12.71,89,100,1.54,DE,1730342376
51,ilulissat,69.2167,-51.1,-7.99,35,75,9.26,GL,1730342414
52,yellowknife,62.456,-114.3525,-11.71,92,75,1.03,CA,1730342210
53,preobrazheniye,42.9019,133.9064,13.02,54,100,3.47,RU,1730342416
54,chiredzi,-21.05,31.6667,20.64,82,99,5.15,ZW,1730342417
55,margaret river,-33.95,115.0667,21.58,55,100,2.24,AU,1730342419
56,chibougamau,49.9168,-74.3659,7.79,100,100,4.63,CA,1730342355
57,bebeji,11.6673,8.2622,19.82,24,66,2.53,NG,1730342421
58,pinos,22.3,-101.5667,12.0,28,0,1.64,MX,1730342422
59,puerto armuelles,8.2833,-82.8667,25.61,88,100,1.79,PA,1730342423
60,isafjordur,66.0755,-23.124,-3.31,88,95,1.12,IS,1730342424
61,alavus,62.5833,23.6167,0.99,89,21,3.21,FI,1730342425
62,talnakh,69.4865,88.3972,-13.23,94,100,3.59,RU,1730342426
63,bati,11.1833,40.0167,18.01,69,100,2.25,ET,1730342427
64,olindina,-11.3667,-38.3333,20.78,92,2,2.33,BR,1730342428
65,anadyr,64.75,177.4833,-0.72,74,40,14.0,RU,1730342429
66,manado,1.487,124.8455,33.43,49,20,2.06,ID,1730342430
67,metlili chaamba,32.2667,3.6333,18.52,68,0,1.54,DZ,1730342432
68,whitehorse,60.7161,-135.0538,-4.57,92,75,1.54,CA,1730342433
69,arraial do cabo,-22.9661,-42.0278,22.23,84,7,3.32,BR,1730342434
70,santa isabel,-23.3156,-46.2214,18.61,90,58,2.01,BR,1730342435
71,happy valley-goose bay,53.3168,-60.3315,3.17,93,100,6.69,CA,1730342436
72,chonchi,-42.6128,-73.8092,10.07,98,22,0.66,CL,1730342437
73,monaragala,6.8714,81.3487,28.18,71,96,0.86,LK,1730342438
74,fort bragg,35.139,-79.006,19.91,85,0,0.0,US,1730342439
75,anna regina,7.2644,-58.5077,27.01,76,16,3.71,GY,1730342440
76,carnarvon,-24.8667,113.6333,30.51,44,0,2.12,AU,1730342441
77,isangel,-19.55,169.2667,23.99,71,100,5.24,VU,1730342442
78,mugia,43.1041,-9.2179,13.28,78,14,4.41,ES,1730342444
79,princeville,45.7668,-61.2985,6.4,90,100,4.63,CA,1730342446
80,laharpur,27.7167,80.9,26.24,53,0,1.49,IN,1730342447
81,isiro,2.7739,27.616,19.18,99,100,1.02,CD,1730342448
82,komsomolets,53.7453,62.0708,1.72,80,100,2.92,KZ,1730342449
83,outjo,-20.1167,16.15,15.59,37,0,2.17,NA,1730342450
84,olinda,-8.0089,-34.8553,25.85,73,40,4.12,BR,1730342451
85,la ronge,55.1001,-105.2842,-1.86,69,75,5.66,CA,1730342452
86,luwuk,-0.9516,122.7875,30.86,55,86,2.63,ID,1730342454
87,hawaiian paradise park,19.5933,-154.9731,24.93,94,75,2.57,US,1730342455
88,new norfolk,-42.7826,147.0587,12.73,34,59,3.57,AU,1730342456
89,collie,-33.3667,116.15,25.58,33,84,2.41,AU,1730342458
90,punta arenas,-53.15,-70.9167,9.06,71,0,2.06,CL,1730342066
91,bilibino,68.0546,166.4372,-13.1,91,100,3.35,RU,1730342460
92,saipan,15.1355,145.701,32.39,62,20,8.23,MP,1730342461
93,badger,64.8,-147.5333,-13.07,86,40,0.0,US,1730342462
94,puerto ayora,-0.7393,-90.3518,20.86,96,47,2.45,EC,1730342463
95,thompson,55.7435,-97.8558,-5.91,63,0,2.57,CA,1730342465
96,bamboo flat,11.7,92.7167,29.05,79,20,1.03,IN,1730342466
97,priargunsk,50.3691,119.1012,5.06,66,100,0.87,RU,1730342467
98,guerrero negro,27.9769,-114.0611,17.22,74,0,4.83,MX,1730342468
99,encantado,-29.2361,-51.8697,18.9,93,2,0.99,BR,1730342469
100,port saint john's,-31.6229,29.5448,15.54,79,6,3.57,ZA,1730342470
101,arteche,12.2645,125.4048,30.6,64,100,3.87,PH,1730342471
102,svobodnyy,51.4,128.1333,2.43,56,100,2.48,RU,1730342472
103,bodden town,19.2833,-81.25,28.0,88,40,3.6,KY,1730342473
104,port lincoln,-34.7333,135.8667,17.36,65,47,5.04,AU,1730342474
105,bereznik,62.8551,42.7072,1.77,97,100,3.68,RU,1730342475
106,newman,37.3138,-121.0208,14.47,39,7,3.09,US,1730342476
107,tuineje,28.3237,-14.0472,15.88,69,0,1.72,ES,1730342478
108,mar del plata,-38.0023,-57.5575,21.08,68,99,4.92,AR,1730342291
109,cockburn town,21.4612,-71.1419,26.28,76,58,9.23,TC,1730342480
110,hermanus,-34.4187,19.2345,14.33,81,2,4.4,ZA,1730342481
111,prado,-17.3411,-39.2208,22.04,94,100,1.93,BR,1730342482
112,pisco,-13.7,-76.2167,17.03,88,0,3.09,PE,1730342484
113,tamandare,-8.7597,-35.1047,24.25,81,18,3.55,BR,1730342486
114,ulsteinvik,62.3432,5.8487,8.2,87,100,4.02,NO,1730342487
115,changtu,42.7788,124.0955,15.04,53,67,6.97,CN,1730342488
116,port mathurin,-19.6833,63.4167,23.01,66,33,7.03,MU,1730342489
117,camarinas,43.1311,-9.1817,13.29,79,19,4.41,ES,1730342490
118,gulu,2.7746,32.299,18.37,91,30,1.84,UG,1730342491
119,ormara,25.2088,64.6357,26.98,71,0,0.5,PK,1730342493
120,kashgar,39.4547,75.9797,7.56,53,0,4.0,CN,1730342494
121,gaalkacyo,6.7697,47.4308,24.21,75,6,5.69,SO,1730342495
122,coyhaique,-45.5752,-72.0662,7.84,97,24,2.24,CL,1730342496
123,greenland,43.0362,-70.8328,12.4,91,100,1.54,US,1730342371
124,kegeyli shahar,42.7767,59.6078,7.98,59,4,3.59,UZ,1730342498
125,mhamid,29.82,-5.72,17.73,40,100,1.53,MA,1730342499
126,swan hill,-35.3378,143.5544,25.31,24,5,6.26,AU,1730342500
127,champasak,14.75,106.0,29.3,63,85,1.4,LA,1730342501
128,alto barinas,8.5931,-70.2261,23.95,87,100,1.46,VE,1730342502
129,georgievka,49.3314,81.5761,2.12,70,88,4.49,KZ,1730342505
130,coquimbo,-29.9533,-71.3436,14.85,92,100,1.54,CL,1730342506
131,dumai,1.6833,101.45,31.32,59,91,2.33,ID,1730342507
132,ruteng,-8.6136,120.4721,23.84,79,80,1.19,ID,1730342508
133,el charco,2.4769,-78.1105,24.01,93,100,1.69,CO,1730342509
134,yonggang-up,38.8561,125.4244,17.6,52,65,1.21,KP,1730342510
135,hadibu,12.65,54.0333,25.46,69,4,2.43,YE,1730342511
136,pembroke,45.8168,-77.1162,19.54,77,100,4.58,CA,1730342512
137,tiksi,71.6872,128.8694,-23.77,100,81,1.58,RU,1730342513
138,port isabel,26.0734,-97.2086,27.23,81,0,5.66,US,1730342515
139,bikenibeu village,1.3673,173.1241,30.98,66,20,1.03,KI,1730342516
140,zaozersk,69.4005,32.4476,-0.81,77,68,8.11,RU,1730342517
141,cabo san lucas,22.8909,-109.9124,27.17,73,20,2.57,MX,1730342276
142,saldanha,-33.0117,17.9442,14.03,76,8,4.98,ZA,1730342519
143,san patricio,28.017,-97.5169,26.97,81,1,5.65,US,1730342520
144,chinde,26.8212,87.7095,25.19,69,16,0.97,NP,1730342521
145,enewetak,11.3474,162.3373,28.78,76,28,6.24,MH,1730342522
146,tyukhtet,56.5389,89.3011,-0.35,92,100,3.42,RU,1730342523
147,smithers,54.7804,-127.1743,3.18,100,100,0.0,CA,1730342524
148,turpan,42.9333,89.1667,13.33,41,26,0.78,CN,1730342456
149,boende,-0.2167,20.8667,21.85,99,100,1.0,CD,1730342527
150,nemuro,43.3236,145.575,11.33,59,6,7.97,JP,1730342528
151,songjianghe,42.1859,127.479,13.6,45,69,2.93,CN,1730342529
152,constantia,44.1833,28.65,11.5,68,10,2.45,RO,1730342352
153,longyearbyen,78.2186,15.6401,-6.09,58,20,3.6,SJ,1730342531
154,manicore,-5.8092,-61.3003,30.26,42,99,1.53,BR,1730342532
155,bac lieu,9.285,105.7244,30.46,70,40,5.17,VN,1730342533
156,alice springs,-23.7,133.8833,34.75,8,36,3.6,AU,1730342534
157,papao,-17.75,-149.55,27.82,69,18,7.96,PF,1730342535
158,podhum,43.7231,17.0011,8.47,77,2,3.36,BA,1730342537
159,alotau,-10.3069,150.4462,27.92,67,100,2.47,PG,1730342538
160,la libertad,-2.2333,-80.9,20.63,84,95,3.7,EC,1730342539
161,kremenki,54.885,37.1261,4.44,76,86,4.89,RU,1730342540
162,petropavlovsk-kamchatsky,53.0452,158.6483,3.33,33,20,6.0,RU,1730342541
163,lomza,53.1781,22.0593,9.2,92,100,3.58,PL,1730342542
164,stanley,54.868,-1.6985,11.01,92,75,3.6,GB,1730342543
165,nova vicosa,-17.8919,-39.3719,21.96,90,100,1.65,BR,1730342544
166,sandnessjoen,66.0217,12.6316,5.05,57,100,7.29,NO,1730342545
167,lerwick,60.1545,-1.1494,11.64,92,100,14.44,GB,1730342546
168,weno,7.4515,151.8468,30.97,79,100,2.06,FM,1730342548
169,nieuw amsterdam,5.8833,-55.0833,25.82,86,25,3.43,SR,1730342549
170,freetown,8.484,-13.2299,25.47,85,98,2.1,SL,1730342366
171,mena,51.5217,32.2157,11.45,77,100,8.11,UA,1730342551
172,saint-joseph,-21.3667,55.6167,22.21,73,61,4.57,RE,1730342552
173,iskateley,67.6803,53.1512,0.69,78,100,8.63,RU,1730342553
174,sena madureira,-9.0656,-68.6569,26.41,66,13,0.34,BR,1730342391
175,gargalianoi,37.0667,21.6333,16.03,74,0,2.78,GR,1730342556
176,sargodha,32.0836,72.6711,26.71,33,76,1.35,PK,1730342557
177,carbonear,47.7332,-53.2148,1.67,84,27,2.94,CA,1730342427
178,kourou,5.1552,-52.6478,24.63,93,18,2.1,GF,1730342560
179,lihue,21.9789,-159.3672,26.77,78,40,7.72,US,1730342561
180,pala,9.3642,14.9046,21.18,29,1,2.44,TD,1730342562
181,trairi,-3.2778,-39.2689,25.13,77,86,5.04,BR,1730342410
182,arkhangel'sk,64.5401,40.5433,0.06,100,75,0.0,RU,1730342564
183,hammerfest,70.6634,23.6821,0.25,93,100,8.23,NO,1730342565
184,sterling,39.0062,-77.4286,19.13,82,0,2.06,US,1730342560
185,dunedin,-45.8742,170.5036,12.11,85,99,2.68,NZ,1730342567
186,taft,31.7471,54.2088,8.97,37,0,2.06,IR,1730342568
187,nova olinda do norte,-3.8881,-59.0942,29.37,43,98,1.53,BR,1730342569
188,zemetchino,53.4973,42.6163,6.06,89,100,8.82,RU,1730342570
189,daru,-9.0763,143.2092,28.3,75,97,5.23,PG,1730342572
190,acarau,-2.8856,-40.12,25.25,79,51,6.19,BR,1730342573
191,kone,-21.0595,164.8658,27.77,44,60,3.4,NC,1730342574
192,gizo,-8.103,156.8419,28.26,74,60,2.5,SB,1730342575
193,geraldton,-28.7667,114.6,34.23,29,3,2.57,AU,1730342576
194,kot mumin,32.1895,73.028,26.52,35,61,2.41,PK,1730342577
195,mount isa,-20.7333,139.5,36.87,16,14,4.63,AU,1730342578
196,sultanpur,26.2667,82.0667,27.94,47,5,2.39,IN,1730342579
197,ankeny,41.7297,-93.6058,14.45,98,100,3.6,US,1730342415
198,shizunai-furukawacho,42.3339,142.3669,13.18,60,21,7.9,JP,1730342581
199,myeik,12.4333,98.6,28.41,75,91,1.88,MM,1730342582
200,sao vicente,-23.9631,-46.3919,22.19,26,29,4.47,BR,1730342427
201,kavaratti,10.5669,72.642,27.44,66,28,1.32,IN,1730342585
202,utrik,11.2278,169.8474,28.55,77,100,5.87,MH,1730342586
203,zaigrayevo,51.8336,108.2703,2.37,62,47,2.26,RU,1730342587
204,kiama,-34.6833,150.8667,22.99,70,68,4.12,AU,1730342588
205,salamanca,40.8333,-6.0,11.11,82,98,1.97,ES,1730342589
206,ancud,-41.8697,-73.8203,8.89,96,7,2.37,CL,1730342590
207,cambridge,43.3601,-80.3127,18.39,76,0,5.66,CA,1730342550
208,harper,4.375,-7.7169,24.85,89,97,2.42,LR,1730342592
209,tolanaro,-25.0319,46.9987,25.04,78,75,6.17,MG,1730342593
210,banyo,6.75,11.8167,18.43,82,25,1.63,CM,1730342595
211,san juan de miraflores,-12.1629,-76.9635,17.87,82,100,2.62,PE,1730342596
212,sakakah,29.9697,40.2064,15.76,49,2,2.41,SA,1730342597
213,pagar alam,-4.0167,103.2667,28.18,60,80,1.17,ID,1730342598
214,yanam,16.7333,82.2167,28.96,67,28,1.49,IN,1730342599
215,bloemfontein,-29.1211,26.214,8.71,71,0,0.51,ZA,1730342420
216,noyabrsk,63.1994,75.4507,-2.46,92,94,5.42,RU,1730342601
217,ust'-ilimsk,58.0006,102.6619,-0.97,90,88,2.9,RU,1730342602
218,ghat,24.9647,10.1728,20.61,32,5,0.57,LY,1730342603
219,lodja,-3.4833,23.4333,21.32,100,100,0.69,CD,1730342604
220,ola,59.5833,151.2833,-6.56,57,100,8.51,RU,1730342605
221,vila do maio,15.1333,-23.2167,25.67,77,100,4.93,CV,1730342606
222,glace bay,46.1969,-59.957,4.94,89,100,3.6,CA,1730342608
223,inhambane,-23.865,35.3833,21.85,80,2,5.28,MZ,1730342431
224,cabanas,22.9758,-82.9219,25.49,82,16,5.91,CU,1730342610
225,malmberget,67.1753,20.6549,-5.69,86,7,3.6,SE,1730342611
226,kale,50.9581,1.8521,10.2,87,6,2.22,FR,1730342612
227,tughyl,47.7252,84.2063,4.47,80,98,3.66,KZ,1730342613
228,nuuk,64.1835,-51.7216,-4.66,42,27,1.54,GL,1730342614
229,margate,51.3813,1.3862,13.16,88,100,1.57,GB,1730342099
230,mantua,45.1667,10.7833,11.66,93,11,2.21,IT,1730342616
231,puerto colombia,10.9878,-74.9547,28.05,84,100,3.72,CO,1730342617
232,bengkulu,-3.8004,102.2655,28.09,73,59,1.22,ID,1730342619
233,san antonio de pale,-1.4014,5.6325,25.52,83,68,3.4,GQ,1730342620
234,vadso,70.0744,29.7487,-2.91,86,75,7.2,NO,1730342621
235,alliance,40.9153,-81.1059,18.12,66,100,4.73,US,1730342622
236,madang,-5.2246,145.7966,30.19,65,50,3.69,PG,1730342623
237,zhumysker,49.3333,49.4,2.26,76,14,3.74,KZ,1730342624
238,mudanya,40.3753,28.8822,14.05,82,81,3.31,TR,1730342625
239,fale old settlement,-9.3852,-171.2468,28.75,69,99,6.17,TK,1730342626
240,ilebo,-4.3167,20.5833,21.18,100,100,0.32,CD,1730342627
241,yibin,28.7667,104.6238,18.78,81,100,0.75,CN,1730342628
242,orillia,44.6087,-79.4207,19.27,80,100,3.6,CA,1730342344
243,ust-nera,64.5667,143.2,-17.99,95,98,1.92,RU,1730342631
244,bantogon,6.5333,124.0333,29.13,66,100,1.69,PH,1730342632
245,puerto baquerizo moreno,-0.9,-89.6,20.79,83,100,3.39,EC,1730342396
246,aykhal,66.0,111.5,-12.77,96,99,2.1,RU,1730342634
247,la passe,45.5549,-0.8967,14.5,84,0,3.84,FR,1730342635
248,yoloten,37.2989,62.3597,9.72,49,23,3.46,TM,1730342636
249,norderney,53.7,7.15,12.2,90,100,6.23,DE,1730342637
250,jalai nur,49.45,117.7,5.63,61,97,7.67,CN,1730342638
251,laguna,38.421,-121.4238,16.08,56,75,2.57,US,1730342639
252,westport,41.1415,-73.3579,17.75,86,0,0.0,US,1730342640
253,guapi,2.5708,-77.8854,24.05,95,100,1.65,CO,1730342642
254,susuman,62.7833,148.1667,-13.46,82,100,2.61,RU,1730342630
255,tocopilla,-22.092,-70.1979,18.02,80,11,2.18,CL,1730342267
256,abadeh,31.1608,52.6506,11.14,18,100,1.34,IR,1730342645
257,tanguieta,10.6212,1.2665,23.98,44,44,1.62,BJ,1730342646
258,nabire,-3.3667,135.4833,31.8,59,82,2.48,ID,1730342647
259,cimin,39.7101,39.7021,-3.96,86,0,0.0,TR,1730342648
260,juhaynah,26.6732,31.4976,17.12,48,0,3.4,EG,1730342649
261,wick,58.4333,-3.0833,14.03,72,100,9.26,GB,1730342539
262,fada,7.25,4.0667,22.54,98,14,0.53,NG,1730342651
263,kuanda,56.3161,116.0806,-3.6,90,87,1.1,RU,1730342652
264,coahuayana de hidalgo,18.7,-103.6583,24.94,94,13,1.07,MX,1730342653
265,ijebu-igbo,6.9798,4.0033,22.92,97,9,0.46,NG,1730342655
266,key west,24.5557,-81.7826,28.0,83,40,6.69,US,1730342573
267,svetlyy,54.675,20.1347,8.94,87,98,3.79,RU,1730342657
268,dickinson,29.4608,-95.0513,26.69,89,75,5.14,US,1730342658
269,palmer,42.1584,-72.3287,16.75,69,75,3.09,US,1730342659
270,wailua homesteads,22.0669,-159.378,26.44,82,40,7.72,US,1730342660
271,salinopolis,-0.6136,-47.3561,26.38,79,49,4.16,BR,1730342661
272,thunder bay,48.4001,-89.3168,-0.05,100,40,2.06,CA,1730342502
273,porto murtinho,-21.6989,-57.8825,29.14,40,79,2.46,BR,1730342663
274,st. john's,47.5649,-52.7093,1.42,85,75,1.34,CA,1730342665
275,tromso,69.6496,18.957,0.01,86,100,8.75,NO,1730342666
276,sola,-13.8833,167.55,25.94,81,98,3.29,VU,1730342667
277,ciudad lazaro cardenas,17.9583,-102.2,26.71,83,69,1.78,MX,1730342669
278,acajutla,13.5928,-89.8275,25.72,87,100,3.57,SV,1730342670
279,praia da vitoria,38.7333,-27.0667,19.14,94,75,5.6,PT,1730342671
280,dakhla,23.6848,-15.958,19.43,80,100,7.67,EH,1730342672
281,kuta,-8.7233,115.1723,27.97,94,75,3.6,ID,1730342673
282,tshikapa,-6.4167,20.8,20.83,97,100,0.81,CD,1730342674
283,san pedro de macoris,18.4616,-69.2972,23.29,90,100,4.03,DO,1730342675
284,belyy yar,53.6039,91.3903,1.94,75,0,8.0,RU,1730342677
285,cacu,-18.5567,-51.1308,23.53,73,37,4.07,BR,1730342678
286,udachny,66.4167,112.4,-16.85,97,94,1.45,RU,1730342679
287,atafu village,-8.5421,-172.5159,28.53,67,100,6.3,TK,1730357079
288,viru,-8.4167,-78.75,17.77,78,100,1.17,PE,1730357081
289,merritt,50.1123,-120.7942,3.51,88,98,0.45,CA,1730357082
290,mbanza kongo,-6.267,14.2401,22.86,77,100,1.68,AO,1730357083
291,marka,1.7159,44.7717,25.28,83,24,4.09,SO,1730420855
292,lovington,32.944,-103.3485,17.87,22,0,0.45,US,1730420856
293,abadan,30.3392,48.3043,23.19,46,92,1.2,IR,1730420857
294,nar'yan-mar,67.6713,53.087,0.82,97,100,9.87,RU,1730420858
295,prince george,53.9166,-122.753,7.57,66,20,1.54,CA,1730420859
296,kalmunai,7.4167,81.8167,25.53,86,100,2.58,LK,1730420860
297,somerset east,-32.7217,25.588,13.9,77,78,0.49,ZA,1730420861
298,crane,31.3974,-102.3501,20.46,26,2,3.9,US,1730420862
299,cullman,34.1748,-86.8436,18.36,100,100,3.6,US,1730420864
300,mont-dore,-22.2833,166.5833,27.42,47,0,3.93,NC,1730420865
301,urangan,-25.3,152.9,24.16,75,14,9.82,AU,1730420866
302,aasiaat,68.7098,-52.8699,-5.97,74,100,8.81,GL,1730420867
303,gobabis,-22.45,18.9667,20.01,17,0,4.07,NA,1730420868
304,keuruu,62.2667,24.7,-0.91,83,95,1.31,FI,1730420869
305,tura,25.5198,90.2201,23.65,70,99,1.04,IN,1730420871
306,sinabang,2.4803,96.3801,26.25,82,100,0.86,ID,1730420872
307,paita,-5.0892,-81.1144,16.94,86,49,6.66,PE,1730420873
308,san pedro,14.35,121.0167,28.57,89,20,2.24,PH,1730420874
309,ofunato,39.0717,141.7167,15.47,53,54,0.71,JP,1730420875
310,churapcha,62.0025,132.4325,-20.55,94,82,0.67,RU,1730420876
311,fatehpur,25.9333,80.8,23.29,48,3,1.67,IN,1730420877
312,magadan,59.5667,150.8,-8.76,66,100,4.48,RU,1730420878
313,sabang,5.8933,95.3214,28.32,77,43,7.25,ID,1730420879
314,zyryanovsk,49.7386,84.2719,0.24,88,100,0.78,KZ,1730420881
315,kidal,18.4411,1.4078,24.8,17,84,4.79,ML,1730420882
316,college,64.8569,-147.8028,-7.53,75,100,2.06,US,1730420883
317,al kharj,24.155,47.3346,23.32,67,7,2.91,SA,1730420884
318,hassi messaoud,31.6804,6.0729,20.92,52,0,1.03,DZ,1730420885
319,tofol,5.3248,163.0078,30.88,70,75,5.14,FM,1730420886
320,vorgashor,67.5833,63.95,-1.86,85,88,10.16,RU,1730420887
321,viljandi,58.3639,25.59,8.83,96,100,3.04,EE,1730420888
322,umm ruwaba,12.9061,31.2158,26.15,18,96,4.21,SD,1730420890
323,jiwani,25.05,61.7417,26.59,69,0,0.52,PK,1730420891
324,barra de santo antonio,-9.4047,-35.5072,25.04,77,44,5.75,BR,1730420892
325,osakarovka,50.565,72.5692,2.48,94,100,6.04,KZ,1730420893
326,corn island,12.1694,-83.0418,26.45,81,100,5.51,NI,1730420894
327,sidi ifni,29.3797,-10.173,17.07,74,0,1.87,MA,1730420895
328,polewali,-3.4324,119.3435,27.9,76,100,0.4,ID,1730420896
329,sitka,57.0531,-135.33,8.94,76,100,0.0,US,1730420898
330,rio grande,-32.035,-52.0986,20.19,82,11,10.67,BR,1730420899
331,flying fish cove,-10.4217,105.6791,26.82,89,100,4.12,CX,1730420900
332,yaren,-0.5472,166.916,28.23,68,1,2.8,NR,1730420901
333,polyarnyy,69.1989,33.4478,-2.82,79,83,10.08,RU,1730420902
334,al qubbah,32.7616,22.2424,14.57,72,27,11.78,LY,1730420903
335,kirkland lake,48.1446,-80.0377,2.16,93,100,2.06,CA,1730420904
336,mawlaik,23.6333,94.4167,20.33,98,50,0.23,MM,1730420905
337,labrador city,52.9463,-66.9114,-2.12,65,40,31.29,CA,1730420906
338,erenhot,43.6475,111.9767,4.55,50,35,1.38,CN,1730420907
339,rio preto da eva,-2.6994,-59.6997,27.6,62,100,1.12,BR,1730420909
340,jiagedaqi,50.4167,124.1167,-0.07,89,99,1.36,CN,1730420910
341,kudahuvadhoo,2.6708,72.8944,27.3,75,30,2.67,MV,1730420911
342,paradip garh,20.3167,86.6167,24.91,89,4,3.13,IN,1730420912
343,lamu,-2.2717,40.902,25.29,85,41,5.76,KE,1730420913
344,yeppoon,-23.1333,150.7333,26.6,60,12,4.57,AU,1730420914
345,antofagasta,-23.65,-70.4,16.6,87,38,0.7,CL,1730420915
346,mejit,10.2753,170.8646,28.37,76,69,4.05,MH,1730420916
347,pago pago,-14.2781,-170.7025,27.23,80,95,6.05,AS,1730420917
348,gosaba,22.165,88.7998,24.12,88,15,1.61,IN,1730420919
349,gadzhiyevo,69.2551,33.3362,-2.76,80,91,10.38,RU,1730420920
350,altania,-23.8744,-53.9017,26.79,34,88,3.55,BR,1730420922
351,new richmond,45.123,-92.5366,1.82,93,100,5.66,US,1730420923
352,kenai,60.5544,-151.2583,0.08,98,100,2.57,US,1730420924
353,secunderabad,17.5043,78.5426,22.2,85,1,1.33,IN,1730420925
354,zbarazh,49.6636,25.7762,8.29,81,100,6.72,UA,1730420926
355,sambava,-14.2667,50.1667,21.91,91,14,3.33,MG,1730420927
356,remire-montjoly,4.9167,-52.2667,27.02,83,0,2.57,GF,1730420928
357,madimba,-10.4,40.3333,24.97,89,80,2.65,TZ,1730420930
358,ta`u,-14.2336,-169.5144,27.24,80,100,4.49,AS,1730420932
359,lakatoro,-16.0999,167.4164,27.72,75,76,4.99,VU,1730420933
360,la villa del rosario,10.3258,-72.3134,26.46,85,100,1.17,VE,1730420934
361,montepuez,-13.1256,38.9997,21.58,89,85,1.5,MZ,1730420935
362,mukharram al fawqani,34.8151,37.0861,16.02,42,16,7.45,SY,1730420936
363,zelenoborskiy,66.845,32.3622,-3.15,73,21,4.17,RU,1730420937
364,vondrozo,-22.8167,47.2833,19.22,96,97,0.73,MG,1730420939
365,rongelap,11.1635,166.8941,28.31,78,42,4.87,MH,1730420940
366,porkhov,57.765,29.5561,6.71,95,100,3.39,RU,1730420941
367,idri,27.5,13.2667,19.12,43,52,2.75,LY,1730420942
368,dixiana,33.9193,-81.0593,23.16,69,40,1.54,US,1730420943
369,san rafael del yuma,18.4299,-68.6739,22.11,89,89,4.89,DO,1730420944
370,andergrove,-21.0833,149.1833,26.2,63,5,6.53,AU,1730420945
371,ust'-barguzin,53.45,108.9833,-3.14,87,84,1.99,RU,1730420948
372,dobrinka,52.1653,40.4731,1.99,80,90,3.66,RU,1730420949
373,bayanhongor,46.7167,100.1167,-15.84,82,8,1.92,MN,1730420950
374,nizhniy kuranakh,58.8353,125.4869,-11.45,97,99,0.57,RU,1730420951
375,mishkino,55.3389,63.9175,0.5,80,34,7.99,RU,1730420952
376,nova sintra,14.8667,-24.7167,26.92,77,100,3.77,CV,1730420953
377,klyuchi,52.2667,79.1667,2.63,89,97,3.29,RU,1730420954
378,cativa,9.3606,-79.8436,26.3,89,100,0.45,PA,1730420955
379,jilib,0.4883,42.7854,22.71,91,57,1.89,SO,1730420957
380,borba,-4.3878,-59.5939,25.91,74,90,2.01,BR,1730420958
381,marapanim,-0.7175,-47.6997,25.46,77,97,2.81,BR,1730420959
382,qarazhal,48.0078,70.7903,1.62,84,92,3.23,KZ,1730420960
383,portland,45.5234,-122.6762,10.52,93,100,3.58,US,1730420275
384,acapulco de juarez,16.8634,-99.8901,29.9,74,75,4.12,MX,1730420875
385,manggar,-2.8833,108.2667,28.03,74,93,0.78,ID,1730420963
386,oranjemund,-28.55,16.4333,15.28,84,41,2.07,NA,1730420964
387,talara,-4.5772,-81.2719,18.42,82,0,6.69,PE,1730420965
388,durban,-29.8579,31.0292,18.51,79,90,3.18,ZA,1730420966
389,georgetown,5.4112,100.3354,26.96,88,40,1.03,MY,1730420968
390,hilo,19.7297,-155.09,26.85,84,100,5.66,US,1730420880
391,sao francisco de paula,-29.4481,-50.5836,15.59,85,60,4.08,BR,1730420970
392,vozhega,60.4725,40.2213,-3.96,93,36,2.14,RU,1730420971
393,kratie,12.4881,106.0188,24.37,90,69,0.95,KH,1730420972
394,ak'ordat,15.5486,37.8867,29.04,45,92,4.21,ER,1730420973
395,toyooka,35.5333,134.8333,19.03,82,75,2.06,JP,1730420974
396,vila velha,-20.3297,-40.2925,22.75,92,75,1.54,BR,1730420975
397,rosario do sul,-30.2583,-54.9142,24.2,68,70,5.3,BR,1730420976
398,mazara del vallo,37.6641,12.588,18.85,85,9,4.49,IT,1730420978
399,dawei,14.0833,98.2,24.67,93,84,1.64,MM,1730420979
400,le port,-20.9373,55.2919,21.98,85,91,1.36,RE,1730420980
401,payakumbuh,-0.2202,100.6308,22.45,92,100,0.88,ID,1730420981
402,aden,12.7794,45.0367,28.52,59,58,7.82,YE,1730420982
403,yuzhno-kurilsk,44.0306,145.8556,12.11,65,48,2.91,RU,1730420983
404,tazacorte,28.629,-17.9293,18.54,59,0,3.6,ES,1730420984
405,grand falls-windsor,48.9332,-55.6649,9.72,92,100,2.95,CA,1730420985
406,linhares,-19.3911,-40.0722,21.38,96,100,1.71,BR,1730420986
407,mahanoro,-19.9,48.8,22.49,86,94,1.66,MG,1730420987
408,berezovyy,51.6667,135.7,-0.35,56,42,0.82,RU,1730420989
409,monrovia,6.3005,-10.7969,25.45,87,100,2.32,LR,1730420990
410,swakopmund,-22.6833,14.5333,14.99,83,75,2.24,NA,1730420991
411,nagqu,31.5,92.0,-4.55,28,97,1.18,CN,1730420992
412,namdrik,5.5994,168.1028,28.59,69,42,0.55,MH,1730420993
413,las tablas,7.7667,-80.2833,25.1,99,100,0.74,PA,1730420994
414,grajau,-5.8194,-46.1386,26.71,55,91,1.14,BR,1730420995
415,colac,-38.3333,143.5833,13.78,43,100,2.17,AU,1730420730
416,mil'kovo,55.6078,37.7956,2.97,42,95,5.33,RU,1730420998
417,shahin dezh,36.6793,46.5669,11.49,49,93,1.63,IR,1730420999
418,lycksele,64.5954,18.6735,-9.07,92,100,0.0,SE,1730421000
419,qiryat shemona,33.2073,35.5721,17.09,44,3,3.26,IL,1730421001
420,mokhsogollokh,61.4681,128.9203,-16.27,89,95,0.8,RU,1730421002
421,codrington,-38.2667,141.9667,14.4,50,13,5.39,AU,1730421003
422,i-n-salah,27.1935,2.4607,28.66,18,100,3.11,DZ,1730421004
423,likiep,9.8251,169.3107,28.52,76,12,4.34,MH,1730421005
424,swift current,50.2834,-107.8014,6.45,52,0,3.6,CA,1730420801
425,xinmin,41.9908,122.8253,12.83,45,0,4.92,CN,1730421008
426,trapani,37.8333,12.6667,17.93,94,0,1.54,IT,1730421009
427,rabaul,-4.1967,152.1721,28.56,72,67,1.41,PG,1730421010
428,kitwe,-12.7961,28.2477,17.94,95,100,1.66,ZM,1730421011
429,amos,48.5669,-78.1162,1.79,94,100,4.3,CA,1730421012
430,yigo village,13.5361,144.8886,27.3,93,100,4.12,GU,1730421013
431,kapuskasing,49.4169,-82.4331,1.0,93,100,4.12,CA,1730421014
432,morehead city,34.7229,-76.726,22.25,83,75,2.06,US,1730421016
433,rawson,-43.3002,-65.1023,23.16,28,0,7.72,AR,1730421017
434,volchikha,52.0333,80.3833,2.09,90,90,3.32,RU,1730421018
435,punta del este,-34.9667,-54.95,17.15,96,0,3.13,UY,1730421019
436,ambo,-10.1308,-76.2047,14.89,84,100,3.1,PE,1730421020
437,el jadid,33.2549,-8.506,18.52,86,0,4.02,MA,1730421021
438,machico,32.7,-16.7667,19.84,82,20,2.06,PT,1730421023
439,jianguang,28.1938,115.7836,18.71,73,100,5.52,CN,1730421026
440,nogliki,51.8333,143.1667,0.26,54,7,4.36,RU,1730421027
441,viedma,-40.8135,-62.9967,18.29,65,100,5.69,AR,1730421028
442,khadzhalmakhi,42.42,47.1821,5.82,71,0,0.22,RU,1730421029
443,kruisfontein,-34.0033,24.7314,13.82,93,6,1.78,ZA,1730421030
444,shitanjing,39.2342,106.3439,9.28,65,72,0.83,CN,1730421031
445,castillos,-34.1667,-53.8333,18.27,87,83,5.39,UY,1730421032
446,vodnyy,63.5046,53.4095,0.96,89,100,3.06,RU,1730421034
447,thamaga,-24.6701,25.5397,20.36,59,3,5.99,BW,1730421035
448,cannonvale,-20.2833,148.7,25.66,61,100,6.38,AU,1730421036
449,kabare,-2.4683,28.8242,16.1,91,90,1.12,CD,1730421037
450,alofi,-19.0595,-169.9187,27.94,78,100,5.14,NU,1730421039
451,pyt-yakh,60.7499,72.8582,-1.66,88,45,4.58,RU,1730421040
452,akureyri,65.6835,-18.0878,-7.04,86,0,3.09,IS,1730421041
453,touros,-5.1989,-35.4608,25.42,75,93,6.87,BR,1730420982
454,tobruk,32.0836,23.9764,20.48,59,76,4.51,LY,1730421043
455,cotacachi,0.3,-78.2667,14.39,98,100,0.8,EC,1730421044
456,escarcega,18.6089,-90.7454,23.12,97,67,2.21,MX,1730421045
457,naze,28.3667,129.4833,27.51,88,100,6.32,JP,1730421046
458,okhotsk,59.3833,143.3,-9.07,60,42,9.25,RU,1730421047
459,valparaiso,-33.0393,-71.6273,12.8,100,100,2.06,CL,1730421049
460,al jawf,29.5,38.75,18.95,44,22,4.8,SA,1730421050
461,newberry,34.2746,-81.6187,19.16,85,100,1.95,US,1730421051
462,valdivia,-39.8142,-73.2459,12.05,98,73,1.95,CL,1730421052
463,kasongo-lunda,-6.4667,16.8167,21.2,98,100,0.43,CD,1730421053
464,island harbour,50.724,-1.2758,12.77,71,100,1.78,GB,1730421054
465,mabaruma,8.2,-59.7833,24.29,88,7,0.67,GY,1730421055
466,wickenburg,33.9686,-112.7296,22.21,17,0,0.98,US,1730421056
467,camana,-16.6228,-72.7111,18.05,86,0,3.04,PE,1730421057
468,karratha,-20.7377,116.8463,36.17,20,0,6.66,AU,1730421058
469,chotila,22.4167,71.1833,25.67,37,0,2.29,IN,1730421060
470,tionk essil,12.7856,-16.5217,26.29,80,41,2.64,SN,1730421061
471,buka,40.8108,69.1986,10.48,50,100,1.4,UZ,1730421062
472,turuntayevo,52.2,107.6167,-1.09,75,99,0.62,RU,1730421064
473,saudarkrokur,65.7461,-19.6394,-8.87,93,8,6.05,IS,1730421065
474,sao jose da coroa grande,-8.8978,-35.1478,24.81,78,75,4.57,BR,1730421067
475,tucurui,-3.7661,-49.6725,26.51,68,98,1.57,BR,1730421068
476,tshabong,-26.05,22.45,19.51,17,3,3.96,BW,1730421069
477,gewane,10.1664,40.6453,26.96,55,99,3.28,ET,1730421070
478,arapongas,-23.4194,-51.4244,20.94,60,48,7.53,BR,1730421071
479,east london,-33.0153,27.9116,16.45,84,65,5.0,ZA,1730421072
480,inongo,-1.95,18.2667,21.13,95,99,0.72,CD,1730421073
481,thohoyandou,-22.9456,30.485,15.6,85,0,0.75,ZA,1730421074
482,kriel,-26.2739,29.2253,13.23,76,2,2.0,ZA,1730421076
483,huntsville,34.7304,-86.5861,17.89,94,100,0.0,US,1730420989
484,richards bay,-28.783,32.0377,18.6,83,71,1.5,ZA,1730421078
485,itaituba,-4.2761,-55.9836,24.52,84,48,1.32,BR,1730421079
486,tarauaca,-8.1614,-70.7656,26.79,68,98,1.24,BR,1730421080
487,eydhafushi,5.1033,73.0708,27.59,78,100,1.54,MV,1730421081
488,opuwo,-18.0607,13.84,21.01,27,4,2.5,NA,1730421082
489,motueka,-41.1333,173.0167,20.05,49,65,0.84,NZ,1730421083
490,kristiansund,63.1115,7.732,5.63,93,100,1.03,NO,1730421084
491,camiri,-20.05,-63.5167,26.02,57,0,1.57,BO,1730421086
492,prince rupert,54.3161,-130.3201,9.83,85,0,4.12,CA,1730421087
493,khorixas,-20.3667,14.9667,18.94,47,0,0.91,NA,1730421088
494,mumford,5.2618,-0.759,25.44,86,11,2.39,GH,1730421089
495,shache,38.4167,77.2406,7.92,44,0,1.34,CN,1730421090
496,billund,55.7335,9.1078,12.06,87,100,7.72,DK,1730421091
497,zhelezinka,53.54,75.3072,2.14,83,100,3.81,KZ,1730421093
498,fisterra,42.9049,-9.2629,16.72,79,63,2.78,ES,1730421094
499,pangody,65.85,74.4859,-2.07,91,100,7.92,RU,1730421096
500,ta'izz,13.5,44.0,16.95,63,18,3.65,YE,1730421097
501,dompu,-8.5356,118.4622,32.11,54,100,1.3,ID,1730421099
502,vilyuchinsk,52.9306,158.4028,2.15,58,10,4.06,RU,1730421100
503,igoumenitsa,39.5039,20.2656,15.44,52,1,2.96,GR,1730421101
504,diamantina,-18.2494,-43.6003,16.31,92,100,1.51,BR,1730421102
505,vallenar,-28.5708,-70.7581,14.77,63,9,1.27,CL,1730421104
506,suva,-18.1416,178.4415,27.71,78,75,4.63,FJ,1730420840
507,kill devil hills,36.0307,-75.676,21.1,79,0,5.66,US,1730421106
508,howard springs,-12.497,131.047,31.04,83,100,2.17,AU,1730421107
509,uzgen,40.7699,73.3007,8.22,46,100,1.66,KG,1730421005
510,estrela,-28.0611,-50.9383,14.75,88,18,3.49,BR,1730421109
511,kolonia town,6.964,158.206,30.0,74,100,2.57,FM,1730421110
512,itoman,26.1247,127.6694,29.01,89,75,11.83,JP,1730421111
513,sambir,49.5183,23.1975,8.18,87,100,2.69,UA,1730421113
514,argo,37.6333,22.7333,15.11,55,0,2.5,GR,1730421115
515,tanjung selor,2.8372,117.3642,25.76,90,100,0.83,ID,1730421116
516,matthew town,20.95,-73.6667,26.87,74,0,8.84,BS,1730421117
517,cooma,-36.2333,149.1333,18.65,34,16,1.85,AU,1730421118
518,sanya,18.2431,109.505,23.09,88,0,2.0,CN,1730421119
519,okha,53.5739,142.9478,0.03,62,99,5.79,RU,1730420939
520,siwa oasis,29.2041,25.5195,18.5,65,0,2.21,EG,1730421121
521,hanover,52.3705,9.7332,9.37,96,0,2.57,DE,1730421122
522,carutapera,-1.195,-46.02,25.75,73,100,4.71,BR,1730421123
523,mpongwe,-13.5091,28.155,18.97,90,100,3.17,ZM,1730421124
524,kerikeri,-35.2268,173.9474,21.1,44,0,3.32,NZ,1730421126
525,santa terezinha,-29.9002,-50.0904,20.78,83,80,12.57,BR,1730421127
526,concepcion,-36.827,-73.0498,12.89,88,100,3.09,CL,1730421128
527,anloga,5.7947,0.8973,26.62,84,14,3.4,GH,1730421129
528,el granada,37.5027,-122.4694,16.55,74,0,4.12,US,1730421130
529,ketchikan,55.3422,-131.6461,9.26,81,100,0.0,US,1730421131
530,midvagur,62.0511,-7.1939,4.46,65,75,12.35,FO,1730421132
531,al kharijah,25.4514,30.5464,17.11,50,0,2.63,EG,1730421133
532,long beach,33.767,-118.1892,20.05,64,20,4.47,US,1730420846
533,namibe,-15.1961,12.1522,17.46,81,84,2.03,AO,1730421135
534,dives-sur-mer,49.2818,-0.1013,11.43,78,0,2.52,FR,1730421137
535,mount pearl,47.5166,-52.7813,9.07,98,100,6.17,CA,1730421138
536,naranjo,10.0987,-84.3782,20.4,98,100,0.69,CR,1730421139
537,puerto aysen,-45.4,-72.7,11.3,94,91,1.27,CL,1730420947
538,antalaha,-14.9003,50.2788,21.77,86,18,2.34,MG,1730421141
539,aibak,36.2647,68.0155,13.32,37,73,2.03,AF,1730421142
540,tadine,-21.55,167.8833,25.83,52,4,3.81,NC,1730421143
541,piton saint-leu,-21.2196,55.3151,20.06,64,0,3.09,RE,1730421144
542,tres palos,18.1833,-101.6167,23.2,98,100,1.22,MX,1730421147
543,las lomitas,-24.7096,-60.593,22.99,89,100,2.18,AR,1730421148
544,bonthe,7.5264,-12.505,25.42,86,100,1.36,SL,1730421149
545,irece,-11.3042,-41.8558,26.47,42,65,3.83,BR,1730421150
546,malvan,16.0667,73.4667,25.48,87,32,2.82,IN,1730421151
547,goz beida,13.95,20.55,23.11,20,0,4.23,TD,1730421152
548,sao joao da barra,-21.6403,-41.0511,21.91,88,59,2.99,BR,1730421153
549,nadym,65.5333,72.5167,-2.52,91,81,8.98,RU,1730421154
550,auki,-8.7676,160.7034,28.28,80,92,2.42,SB,1730421155
551,chauny,49.6151,3.2186,7.95,89,0,0.83,FR,1730421156
552,north side,19.35,-81.2,29.04,83,20,7.2,KY,1730421158
553,plaza huincul,-38.926,-69.2086,24.52,10,4,0.89,AR,1730421159
554,wotho,10.1657,166.0102,28.61,77,86,5.33,MH,1730421160
555,maun,-19.9833,23.4167,25.98,53,0,6.69,BW,1730421026
556,san pedro pochutla,15.7333,-96.4667,28.84,92,100,2.04,MX,1730421163
557,tres isletas,-26.3407,-60.4321,20.61,98,100,3.58,AR,1730421164
558,ebon,4.582,168.6964,28.52,71,4,1.02,MH,1730421165
559,shenjiamen,29.9576,122.298,22.84,99,100,3.97,CN,1730421167
560,san luis de la loma,17.2706,-100.8939,26.81,84,100,2.63,MX,1730421168
561,cosala,24.4125,-106.6908,21.85,49,0,0.3,MX,1730421170
562,karamay,45.6004,84.8661,4.86,73,100,0.69,CN,1730421172
563,levuka,50.1834,-105.4011,7.85,53,75,4.63,CA,1730421173
564,tual,-5.6667,132.75,28.65,75,74,1.55,ID,1730421175
565,labytnangi,66.6572,66.4183,-0.48,93,100,7.81,RU,1730421176
566,sosnogorsk,63.6023,53.8817,1.28,85,100,3.28,RU,1730421177
567,iquitos,-3.7481,-73.2472,26.02,94,0,0.0,PE,1730421178
568,luderitz,-26.6481,15.1594,18.24,62,8,1.77,NA,1730420944
569,xilin hot,43.9667,116.0333,4.47,49,0,1.99,CN,1730421180
570,beira,-19.8436,34.8389,25.05,94,75,5.66,MZ,1730421181
571,bandarbeyla,9.4942,50.8122,24.44,85,9,3.64,SO,1730421182
572,bardai,11.65,7.2333,19.4,25,57,3.39,NG,1730421183
573,togur,58.3631,82.8265,-3.14,88,98,1.86,RU,1730421184
574,keflavik,64.0049,-22.5624,1.24,51,0,6.69,IS,1730420842
575,kapa'a,22.0752,-159.319,28.18,75,40,8.23,US,1730421187
576,huancavelica,-12.7667,-74.9833,6.33,67,60,1.32,PE,1730421188
577,perdoes,-21.0908,-45.0914,19.04,73,43,3.75,BR,1730421189
